܎s򉻑|Ǝ҈ꗗ\,,,
ԍ,|ƎҖ,Z,dbԍ
1,iLj,{P|RWP,048-663-0461
2,ija|^A,󗈂PQO|Q,048-622-2260
3,ЎR,[T|PW,048-685-1711
4,ij,{QXV|S,048-624-5335
5,ʒ|ij,acP|PPPW,048-684-9158
6,FYƁij,{OQ|TXQ|R,048-624-2100
7,iLjhY,ʌshW|PV,048-771-6168
8,ijTJ,{JR|PXO|Q,048-684-5079
9,(L){^,{JS|PU,048-683-0744
10,Yij,Ya匴T|PQ|P,048-831-4941
11,cij,cX|RP|P,048-861-4963
12,ijZCE,cX|RP|P,048-861-5151
13,aij,Ya_Q|QS|R,048-822-8325
14,Z,΋捂]PORV,048-798-1192
15,iLjIJg,΋ޏQPO,048-798-0428
16,q,΋ޏVcSXW|P,048-798-0113
17,ssǗT[rX,΋S|R|PO,048-794-8000
18,H|,΋vېVcPPPW,048-798-0907
19,؉Y|,΋撷{XXO|P,048-799-1636
20,XZ|,΋QPPR,048-798-3951
21,iLjC,΋ޏVcWQO,048-798-1063
22,iLjc,΋Q|SV|W,048-798-0659
23,{ꐴ|,΋V{POWO|P,048-799-1333
,,,iߘaRNVP݁j
