種別,避難所等の定義,施設等の名称,住所,lat,lon,読み,指定緊急避難場所との重複
指定避難所,災害の危険性があり避難した住民が、一定期間滞在し、生活することができる施設。,指扇小学校,埼玉県さいたま市西区西大宮1-49-6,35.92283441,139.573297,サシオウギショウガッコウ,あり
指定避難所,災害の危険性があり避難した住民が、一定期間滞在し、生活することができる施設。,馬宮東小学校,埼玉県さいたま市西区西遊馬189-1,35.90391861,139.571323,マミヤヒガシショウガッコウ,あり
指定避難所,災害の危険性があり避難した住民が、一定期間滞在し、生活することができる施設。,馬宮西小学校,埼玉県さいたま市西区飯田新田189-2,35.88621385,139.5593925,マミヤニシショウガッコウ,あり
指定避難所,災害の危険性があり避難した住民が、一定期間滞在し、生活することができる施設。,植水小学校,埼玉県さいたま市西区中野林225-1,35.89444688,139.5948369,ウエミズショウガッコウ,あり
指定避難所,災害の危険性があり避難した住民が、一定期間滞在し、生活することができる施設。,大宮西小学校,埼玉県さいたま市西区三橋5-1359,35.90422715,139.5904575,オオミヤニシショウガッコウ,あり
指定避難所,災害の危険性があり避難した住民が、一定期間滞在し、生活することができる施設。,栄小学校,埼玉県さいたま市西区飯田811,35.90687982,139.5830284,サカエショウガッコウ,あり
指定避難所,災害の危険性があり避難した住民が、一定期間滞在し、生活することができる施設。,宮前小学校,埼玉県さいたま市西区宮前町341,35.92300185,139.5947462,ミヤマエショウガッコウ,あり
指定避難所,災害の危険性があり避難した住民が、一定期間滞在し、生活することができる施設。,指扇北小学校,埼玉県さいたま市西区中釘1506-1,35.93357649,139.571891,サシオウギキタショウガッコウ,あり
指定避難所,災害の危険性があり避難した住民が、一定期間滞在し、生活することができる施設。,指扇中学校,埼玉県さいたま市西区西大宮3-31-1,35.92764846,139.576683,サシオウギチュウガッコウ,あり
指定避難所,災害の危険性があり避難した住民が、一定期間滞在し、生活することができる施設。,馬宮中学校,埼玉県さいたま市西区二ツ宮589-1,35.89871378,139.5799737,マミヤチュウガッコウ,あり
指定避難所,災害の危険性があり避難した住民が、一定期間滞在し、生活することができる施設。,大宮西中学校,埼玉県さいたま市西区三橋6-1558,35.92009529,139.59074,オオミヤニシチュウガッコウ,あり
指定避難所,災害の危険性があり避難した住民が、一定期間滞在し、生活することができる施設。,宮前中学校,埼玉県さいたま市西区宮前町1467-1,35.92975997,139.5981629,ミヤマエチュウガッコウ,あり
指定避難所,災害の危険性があり避難した住民が、一定期間滞在し、生活することができる施設。,植水中学校,埼玉県さいたま市西区三条町345-1,35.88689659,139.5838512,ウエミズチュウガッコウ,あり
指定避難所,災害の危険性があり避難した住民が、一定期間滞在し、生活することができる施設。,土屋中学校,埼玉県さいたま市西区土屋1766-1,35.9117327,139.5713233,ツチヤチュウガッコウ,あり
指定避難所,災害の危険性があり避難した住民が、一定期間滞在し、生活することができる施設。,県立大宮光陵高等学校,埼玉県さいたま市西区中野林145,35.89470937,139.5894314,ケンリツオオミヤコウリョウコウトウガッコウ,あり
指定避難所,災害の危険性があり避難した住民が、一定期間滞在し、生活することができる施設。,県立大宮南高等学校,埼玉県さいたま市西区植田谷本793,35.88823121,139.5897208,ケンリツオオミヤミナミコウトウガッコウ,あり
指定避難所,災害の危険性があり避難した住民が、一定期間滞在し、生活することができる施設。,県立大宮武蔵野高等学校,埼玉県さいたま市西区西遊馬1601,35.9094594,139.5604624,ケンリツオオミヤムサシノコウトウガッコウ,あり
指定避難所,災害の危険性があり避難した住民が、一定期間滞在し、生活することができる施設。,三橋総合公園体育館,埼玉県さいたま市西区三橋5-190,35.9131934,139.5954734,ミハシソウゴウコウエンタイイクカン,
指定避難所,災害の危険性があり避難した住民が、一定期間滞在し、生活することができる施設。,県立大宮北特別支援学校,埼玉県さいたま市西区中釘2290-1,35.94321217,139.5739819,ケンリツオオミヤキタトクベツシエンガッコウ,あり
指定避難所,災害の危険性があり避難した住民が、一定期間滞在し、生活することができる施設。,健康福祉センター西楽園,埼玉県さいたま市西区宝来60-1,35.9327682,139.5537568,ケンコウフクシセンターセイラクエン,
指定避難所,災害の危険性があり避難した住民が、一定期間滞在し、生活することができる施設。,指扇公民館,埼玉県さいたま市西区高木449-1,35.9251329,139.5720557,サシオウギコウミンカン,
指定避難所,災害の危険性があり避難した住民が、一定期間滞在し、生活することができる施設。,馬宮公民館,埼玉県さいたま市西区西遊馬236-2,35.9036504,139.5731281,マミヤニシコウミンカン,
指定避難所,災害の危険性があり避難した住民が、一定期間滞在し、生活することができる施設。,植水公民館,埼玉県さいたま市西区中野林173-2,35.8939378,139.5916854,ウエミズコウミンカン,
指定避難所,災害の危険性があり避難した住民が、一定期間滞在し、生活することができる施設。,内野公民館,埼玉県さいたま市西区三橋6-1457-1,35.92075943,139.5917521,ウチノコウミンカン,
指定避難所,災害の危険性があり避難した住民が、一定期間滞在し、生活することができる施設。,東大成小学校,埼玉県さいたま市北区東大成町2-12,35.92493692,139.6187689,ヒガシオオナリショウガッコウ,あり
指定避難所,災害の危険性があり避難した住民が、一定期間滞在し、生活することができる施設。,日進小学校,埼玉県さいたま市北区日進町2-911,35.92522957,139.6074386,ニッシンショウガッコウ,あり
指定避難所,災害の危険性があり避難した住民が、一定期間滞在し、生活することができる施設。,日進北小学校,埼玉県さいたま市北区日進町3-178,35.9369061,139.6041502,ニッシンキタショウガッコウ,あり
指定避難所,災害の危険性があり避難した住民が、一定期間滞在し、生活することができる施設。,宮原小学校,埼玉県さいたま市北区宮原町4-102-6,35.94910214,139.6061345,ミヤハラショウガッコウ,あり
指定避難所,災害の危険性があり避難した住民が、一定期間滞在し、生活することができる施設。,植竹小学校,埼玉県さいたま市北区植竹町2-1,35.92977525,139.6259017,ウエタケショウガッコウ,あり
指定避難所,災害の危険性があり避難した住民が、一定期間滞在し、生活することができる施設。,大砂土小学校,埼玉県さいたま市北区本郷町1,35.93753901,139.6268548,オオサトショウガッコウ,あり
指定避難所,災害の危険性があり避難した住民が、一定期間滞在し、生活することができる施設。,大宮別所小学校,埼玉県さいたま市北区別所町42-1,35.9549355,139.5974316,オオミヤベッショショウガッコウ,あり
指定避難所,災害の危険性があり避難した住民が、一定期間滞在し、生活することができる施設。,泰平小学校,埼玉県さいたま市北区今羽町628,35.95004794,139.6262171,タイヘイショウガッコウ,あり
指定避難所,災害の危険性があり避難した住民が、一定期間滞在し、生活することができる施設。,つばさ小学校,埼玉県さいたま市北区宮原町3-902-4,35.93340902,139.6103765,ツバサショウガッコウ,あり
指定避難所,災害の危険性があり避難した住民が、一定期間滞在し、生活することができる施設。,日進中学校,埼玉県さいたま市北区櫛引町2-503-1,35.92149217,139.6099392,ニッシンチュウガッコウ,あり
指定避難所,災害の危険性があり避難した住民が、一定期間滞在し、生活することができる施設。,宮原中学校,埼玉県さいたま市北区宮原町4-129,35.9518634,139.6050018,ミヤハラチュウガッコウ,あり
指定避難所,災害の危険性があり避難した住民が、一定期間滞在し、生活することができる施設。,植竹中学校,埼玉県さいたま市北区土呂町352,35.93394127,139.626955,ウエタケチュウガッコウ,あり
指定避難所,災害の危険性があり避難した住民が、一定期間滞在し、生活することができる施設。,泰平中学校,埼玉県さいたま市北区本郷町1991,35.9486649,139.6269344,タイヘイチュウガッコウ,あり
指定避難所,災害の危険性があり避難した住民が、一定期間滞在し、生活することができる施設。,土呂中学校,埼玉県さいたま市北区見沼3-75,35.93880644,139.6371754,トロチュウガッコウ,あり
指定避難所,災害の危険性があり避難した住民が、一定期間滞在し、生活することができる施設。,市立大宮北高等学校,埼玉県さいたま市北区奈良町91-1,35.94591026,139.6002462,シリツオオミヤキタコウトウガッコウ,あり
指定避難所,災害の危険性があり避難した住民が、一定期間滞在し、生活することができる施設。,県立大宮工業高等学校,埼玉県さいたま市北区本郷町1970,35.94799233,139.6279437,ケンリツオオミヤコウギョウコウトウガッコウ,あり
指定避難所,災害の危険性があり避難した住民が、一定期間滞在し、生活することができる施設。,県立大宮中央高等学校,埼玉県さいたま市北区櫛引町2-499-1,35.91948833,139.6101805,ケンリツオオミヤチュウオウコウトウガッコウ,あり
指定避難所,災害の危険性があり避難した住民が、一定期間滞在し、生活することができる施設。,県立大宮ろう学園,埼玉県さいたま市北区植竹町2-68,35.93146915,139.625607,ケンリツオオミヤロウガクエン,あり
指定避難所,災害の危険性があり避難した住民が、一定期間滞在し、生活することができる施設。,日進公民館,埼玉県さいたま市北区日進町2-1195-2,35.9273636,139.6042253,ニッシンコウミンカン,
指定避難所,災害の危険性があり避難した住民が、一定期間滞在し、生活することができる施設。,宮原公民館,埼玉県さいたま市北区宮原町4-66-4,35.9469496,139.611055,ミヤハラコウミンカン,
指定避難所,災害の危険性があり避難した住民が、一定期間滞在し、生活することができる施設。,大砂土公民館,埼玉県さいたま市北区本郷町284,35.9389879,139.6301229,オオサトコウミンカン,
指定避難所,災害の危険性があり避難した住民が、一定期間滞在し、生活することができる施設。,植竹公民館,埼玉県さいたま市北区盆栽町430,35.9273979,139.6281482,ウエタケコウミンカン,
指定避難所,災害の危険性があり避難した住民が、一定期間滞在し、生活することができる施設。,大宮小学校,埼玉県さいたま市大宮区大門町3-3,35.90661267,139.6297532,オオミヤショウガッコウ,あり
指定避難所,災害の危険性があり避難した住民が、一定期間滞在し、生活することができる施設。,大宮東小学校,埼玉県さいたま市大宮区堀の内町3-145,35.91404229,139.6358921,オオミヤヒガシショウガッコウ,あり
指定避難所,災害の危険性があり避難した住民が、一定期間滞在し、生活することができる施設。,大宮南小学校,埼玉県さいたま市大宮区吉敷町3-87,35.90061651,139.6338588,オオミヤミナミショウガッコウ,あり
指定避難所,災害の危険性があり避難した住民が、一定期間滞在し、生活することができる施設。,大宮北小学校,埼玉県さいたま市大宮区宮町3-84,35.91192522,139.6272421,オオミヤキタショウガッコウ,あり
指定避難所,災害の危険性があり避難した住民が、一定期間滞在し、生活することができる施設。,桜木小学校,埼玉県さいたま市大宮区桜木町4-328-9,35.90340838,139.6171378,サクラギショウガッコウ,あり
指定避難所,災害の危険性があり避難した住民が、一定期間滞在し、生活することができる施設。,三橋小学校,埼玉県さいたま市大宮区三橋2-20,35.90375307,139.6047356,ミハシショウガッコウ,あり
指定避難所,災害の危険性があり避難した住民が、一定期間滞在し、生活することができる施設。,大成小学校,埼玉県さいたま市大宮区大成町2-282,35.91454818,139.6137674,オオナリショウガッコウ,あり
指定避難所,災害の危険性があり避難した住民が、一定期間滞在し、生活することができる施設。,芝川小学校,埼玉県さいたま市大宮区天沼町2-1077,35.90511178,139.644726,シバカワショウガッコウ,あり
指定避難所,災害の危険性があり避難した住民が、一定期間滞在し、生活することができる施設。,上小小学校,埼玉県さいたま市大宮区上小町1337-1,35.89653949,139.6167417,カミコショウガッコウ,あり
指定避難所,災害の危険性があり避難した住民が、一定期間滞在し、生活することができる施設。,大宮東中学校,埼玉県さいたま市大宮区堀の内町1-99,35.90812015,139.6346986,オオミヤヒガシチュウガッコウ,あり
指定避難所,災害の危険性があり避難した住民が、一定期間滞在し、生活することができる施設。,大宮南中学校,埼玉県さいたま市大宮区天沼町2-362,35.89906582,139.6365612,オオミヤミナミチュウガッコウ,あり
指定避難所,災害の危険性があり避難した住民が、一定期間滞在し、生活することができる施設。,大宮北中学校,埼玉県さいたま市大宮区寿能町1-21,35.92154552,139.6327926,オオミヤキタチュウガッコウ,あり
指定避難所,災害の危険性があり避難した住民が、一定期間滞在し、生活することができる施設。,桜木中学校,埼玉県さいたま市大宮区桜木町4-219,35.90532862,139.6164799,サクラギチュウガッコウ,あり
指定避難所,災害の危険性があり避難した住民が、一定期間滞在し、生活することができる施設。,三橋中学校,埼玉県さいたま市大宮区三橋1-1300,35.90484885,139.6022751,ミハシチュウガッコウ,あり
指定避難所,災害の危険性があり避難した住民が、一定期間滞在し、生活することができる施設。,大成中学校,埼玉県さいたま市大宮区大成町2-379,35.91306243,139.6128929,オオナリチュウガッコウ,あり
指定避難所,災害の危険性があり避難した住民が、一定期間滞在し、生活することができる施設。,第二東中学校,埼玉県さいたま市大宮区天沼町1-760,35.90902246,139.6449913,ダイニヒガシチュウガッコウ,あり
指定避難所,災害の危険性があり避難した住民が、一定期間滞在し、生活することができる施設。,大宮国際中等教育学校,埼玉県さいたま市大宮区三橋4-96,35.89618927,139.5990059,オオミヤコクサイチュウトウキョウイクガッコウ,あり
指定避難所,災害の危険性があり避難した住民が、一定期間滞在し、生活することができる施設。,県立大宮高等学校,埼玉県さいたま市大宮区天沼町2-323,35.90007673,139.6367261,ケンリツオオミヤコウトウガッコウ,あり
指定避難所,災害の危険性があり避難した住民が、一定期間滞在し、生活することができる施設。,大宮南公民館,埼玉県さいたま市大宮区吉敷町4-223-2,35.8983632,139.6357565,オオミヤミナミコウミンカン,
指定避難所,災害の危険性があり避難した住民が、一定期間滞在し、生活することができる施設。,大宮中部公民館,埼玉県さいたま市大宮区仲町3-30-2,35.90509,139.6289372,オオミヤチュウブコウミンカン,
指定避難所,災害の危険性があり避難した住民が、一定期間滞在し、生活することができる施設。,大宮北公民館,埼玉県さいたま市大宮区宮町3-113-3,35.9114919,139.6285705,オオミヤキタコウミンカン,
指定避難所,災害の危険性があり避難した住民が、一定期間滞在し、生活することができる施設。,三橋公民館,埼玉県さいたま市大宮区三橋2-20,35.9037175,139.6046336,ミハシコウミンカン,
指定避難所,災害の危険性があり避難した住民が、一定期間滞在し、生活することができる施設。,大成公民館,埼玉県さいたま市大宮区大成町2-335-1,35.9139355,139.6115164,オオナリコウミンカン,
指定避難所,災害の危険性があり避難した住民が、一定期間滞在し、生活することができる施設。,大宮東公民館,埼玉県さいたま市大宮区堀の内町3-140,35.9141166,139.6366255,オオミヤヒガシコウミンカン,
指定避難所,災害の危険性があり避難した住民が、一定期間滞在し、生活することができる施設。,大宮ふれあい福祉センター,埼玉県さいたま市大宮区土手町1-213-1,35.9157162,139.6213877,オオミヤフレアイフクシセンター,
指定避難所,災害の危険性があり避難した住民が、一定期間滞在し、生活することができる施設。,大砂土東小学校,埼玉県さいたま市見沼区大和田町2-998,35.93744315,139.646651,オオサトヒガシショウガッコウ,あり
指定避難所,災害の危険性があり避難した住民が、一定期間滞在し、生活することができる施設。,見沼小学校,埼玉県さいたま市見沼区東大宮2-45,35.94880195,139.6325794,ミヌマショウガッコウ,あり
指定避難所,災害の危険性があり避難した住民が、一定期間滞在し、生活することができる施設。,片柳小学校,埼玉県さいたま市見沼区東新井244-1,35.91063345,139.6705108,カタヤナギショウガッコウ,あり
指定避難所,災害の危険性があり避難した住民が、一定期間滞在し、生活することができる施設。,七里小学校,埼玉県さいたま市見沼区東宮下312,35.92919715,139.6761076,ナナサトショウガッコウ,あり
指定避難所,災害の危険性があり避難した住民が、一定期間滞在し、生活することができる施設。,春岡小学校,埼玉県さいたま市見沼区春岡2-29-1,35.94947455,139.6619557,ハルオカショウガッコウ,あり
指定避難所,災害の危険性があり避難した住民が、一定期間滞在し、生活することができる施設。,蓮沼小学校,埼玉県さいたま市見沼区蓮沼1070,35.93432128,139.6604916,ハスヌマショウガッコウ,あり
指定避難所,災害の危険性があり避難した住民が、一定期間滞在し、生活することができる施設。,大谷小学校,埼玉県さいたま市見沼区大谷18,35.92125218,139.6658113,オオヤショウガッコウ,あり
指定避難所,災害の危険性があり避難した住民が、一定期間滞在し、生活することができる施設。,島小学校,埼玉県さいたま市見沼区島町533-2,35.94675614,139.6514798,シマショウガッコウ,あり
指定避難所,災害の危険性があり避難した住民が、一定期間滞在し、生活することができる施設。,東宮下小学校,埼玉県さいたま市見沼区東宮下215-1,35.92599353,139.6776213,ヒガシミヤシタショウガッコウ,あり
指定避難所,災害の危険性があり避難した住民が、一定期間滞在し、生活することができる施設。,海老沼小学校,埼玉県さいたま市見沼区東新井710-5,35.90839485,139.6600794,エビヌマショウガッコウ,あり
指定避難所,災害の危険性があり避難した住民が、一定期間滞在し、生活することができる施設。,春野小学校,埼玉県さいたま市見沼区春野1-10-1,35.95662243,139.66731,ハルノショウガッコウ,あり
指定避難所,災害の危険性があり避難した住民が、一定期間滞在し、生活することができる施設。,大砂土中学校,埼玉県さいたま市見沼区東大宮1-100-1,35.93796292,139.6445675,オオサトチュウガッコウ,あり
指定避難所,災害の危険性があり避難した住民が、一定期間滞在し、生活することができる施設。,片柳中学校,埼玉県さいたま市見沼区御蔵551,35.90682891,139.6740358,カタヤナギチュウガッコウ,あり
指定避難所,災害の危険性があり避難した住民が、一定期間滞在し、生活することができる施設。,春里中学校,埼玉県さいたま市見沼区小深作268-19,35.94089584,139.6640905,ハルサトチュウガッコウ,あり
指定避難所,災害の危険性があり避難した住民が、一定期間滞在し、生活することができる施設。,七里中学校,埼玉県さいたま市見沼区東宮下1-1-1,35.92771862,139.6808516,ナナサトチュウガッコウ,あり
指定避難所,災害の危険性があり避難した住民が、一定期間滞在し、生活することができる施設。,大谷中学校,埼玉県さいたま市見沼区大谷1634-2,35.92526686,139.6667605,オオヤチュウガッコウ,あり
指定避難所,災害の危険性があり避難した住民が、一定期間滞在し、生活することができる施設。,大宮八幡中学校,埼玉県さいたま市見沼区南中丸357,35.91919511,139.6534309,オオミヤヤハタチュウガッコウ,あり
指定避難所,災害の危険性があり避難した住民が、一定期間滞在し、生活することができる施設。,春野中学校,埼玉県さいたま市見沼区春野2-2-1,35.95645041,139.663188,ハルノチュウガッコウ,あり
指定避難所,災害の危険性があり避難した住民が、一定期間滞在し、生活することができる施設。,県立大宮商業高等学校,埼玉県さいたま市見沼区大和田町1-356,35.9274284,139.6452851,ケンリツオオミヤショウギョウコウトウガッコウ,あり
指定避難所,災害の危険性があり避難した住民が、一定期間滞在し、生活することができる施設。,県立大宮東高等学校,埼玉県さいたま市見沼区膝子567,35.92659768,139.6851227,ケンリツオオミヤヒガシコウトウガッコウ,あり
指定避難所,災害の危険性があり避難した住民が、一定期間滞在し、生活することができる施設。,大砂土東公民館,埼玉県さいたま市見沼区大和田町2-1445,35.9314062,139.6488215,オオサトヒガシコウミンカン,
指定避難所,災害の危険性があり避難した住民が、一定期間滞在し、生活することができる施設。,片柳公民館,埼玉県さいたま市見沼区東新井117-2,35.9097372,139.6708201,カタヤナギコウミンカン,
指定避難所,災害の危険性があり避難した住民が、一定期間滞在し、生活することができる施設。,七里公民館,埼玉県さいたま市見沼区東宮下265-1,35.9272214,139.6774135,ナナサトコウミンカン,
指定避難所,災害の危険性があり避難した住民が、一定期間滞在し、生活することができる施設。,春岡公民館,埼玉県さいたま市見沼区深作1-5-1,35.950796,139.6643694,ハルオカコウミンカン,
指定避難所,災害の危険性があり避難した住民が、一定期間滞在し、生活することができる施設。,与野本町小学校,埼玉県さいたま市中央区本町東3-5-23,35.88364161,139.6226996,ヨノホンマチショウガッコウ,あり
指定避難所,災害の危険性があり避難した住民が、一定期間滞在し、生活することができる施設。,上落合小学校,埼玉県さいたま市中央区上落合4-14-24,35.89401982,139.6255678,カミオチアイショウガッコウ,あり
指定避難所,災害の危険性があり避難した住民が、一定期間滞在し、生活することができる施設。,大戸小学校,埼玉県さいたま市中央区新中里1-6-28,35.87246101,139.6361299,オオトショウガッコウ,あり
指定避難所,災害の危険性があり避難した住民が、一定期間滞在し、生活することができる施設。,下落合小学校,埼玉県さいたま市中央区上落合1-7-33,35.89017158,139.6312782,シモオチアイショウガッコウ,あり
指定避難所,災害の危険性があり避難した住民が、一定期間滞在し、生活することができる施設。,与野西北小学校,埼玉県さいたま市中央区円阿弥4-3-7,35.88792696,139.6077708,ヨノセイホクショウガッコウ,あり
指定避難所,災害の危険性があり避難した住民が、一定期間滞在し、生活することができる施設。,鈴谷小学校,埼玉県さいたま市中央区鈴谷5-1-1,35.87138078,139.6311389,スズヤショウガッコウ,あり
指定避難所,災害の危険性があり避難した住民が、一定期間滞在し、生活することができる施設。,与野八幡小学校,埼玉県さいたま市中央区本町東5-23-14,35.89092386,139.6219835,ヨノハチマンショウガッコウ,あり
指定避難所,災害の危険性があり避難した住民が、一定期間滞在し、生活することができる施設。,与野南小学校,埼玉県さいたま市中央区大戸6-2-25,35.86658564,139.6353309,ヨノミナミショウガッコウ,あり
指定避難所,災害の危険性があり避難した住民が、一定期間滞在し、生活することができる施設。,与野東中学校,埼玉県さいたま市中央区下落合3-21-10,35.88832,139.632132,ヨノヒガシチュウガッコウ,あり
指定避難所,災害の危険性があり避難した住民が、一定期間滞在し、生活することができる施設。,与野西中学校,埼玉県さいたま市中央区鈴谷8-10-33,35.87797197,139.623652,ヨノニシチュウガッコウ,あり
指定避難所,災害の危険性があり避難した住民が、一定期間滞在し、生活することができる施設。,与野南中学校,埼玉県さいたま市中央区大戸2-6-25,35.86560243,139.6347208,ヨノミナミチュウガッコウ,あり
指定避難所,災害の危険性があり避難した住民が、一定期間滞在し、生活することができる施設。,八王子中学校,埼玉県さいたま市中央区八王子4-2-1,35.87843578,139.6080308,ハチオウジチュウガッコウ,あり
指定避難所,災害の危険性があり避難した住民が、一定期間滞在し、生活することができる施設。,県立いずみ高等学校,埼玉県さいたま市中央区円阿弥7-4-1,35.89391885,139.6102948,ケンリツイズミコウトウガッコウ,あり
指定避難所,災害の危険性があり避難した住民が、一定期間滞在し、生活することができる施設。,県立与野高等学校,埼玉県さいたま市中央区本町西2-8-1,35.88439259,139.6183393,ケンリツヨノコウトウガッコウ,あり
指定避難所,災害の危険性があり避難した住民が、一定期間滞在し、生活することができる施設。,大戸公民館,埼玉県さいたま市中央区大戸3-14-21,35.8657536,139.6372856,オオトコウミンカン,
指定避難所,災害の危険性があり避難した住民が、一定期間滞在し、生活することができる施設。,与野本町公民館,埼玉県さいたま市中央区本町西1-14-12,35.88209,139.6193947,ヨノホンマチコウミンカン,
指定避難所,災害の危険性があり避難した住民が、一定期間滞在し、生活することができる施設。,上落合公民館,埼玉県さいたま市中央区上落合6-9-3,35.8935165,139.6234687,カミオチアイコウミンカン,
指定避難所,災害の危険性があり避難した住民が、一定期間滞在し、生活することができる施設。,下落合公民館,埼玉県さいたま市中央区下落合5-4-17,35.8844844,139.6286466,シモオチアイコウミンカン,
指定避難所,災害の危険性があり避難した住民が、一定期間滞在し、生活することができる施設。,鈴谷公民館,埼玉県さいたま市中央区鈴谷7-5-11,35.8741494,139.6242336,スズヤコウミンカン,
指定避難所,災害の危険性があり避難した住民が、一定期間滞在し、生活することができる施設。,土合小学校,埼玉県さいたま市桜区西堀7-21-1,35.8578218,139.626635,ツチアイショウガッコウ,あり
指定避難所,災害の危険性があり避難した住民が、一定期間滞在し、生活することができる施設。,大久保小学校,埼玉県さいたま市桜区五関21,35.87247505,139.598435,オオクボショウガッコウ,あり
指定避難所,災害の危険性があり避難した住民が、一定期間滞在し、生活することができる施設。,栄和小学校,埼玉県さいたま市桜区栄和1-7-1,35.8617411,139.6174744,サカワショウガッコウ,あり
指定避難所,災害の危険性があり避難した住民が、一定期間滞在し、生活することができる施設。,田島小学校,埼玉県さいたま市桜区田島10-12-1,35.83771255,139.623297,タジマショウガッコウ,あり
指定避難所,災害の危険性があり避難した住民が、一定期間滞在し、生活することができる施設。,大久保東小学校,埼玉県さいたま市桜区大久保領家331,35.87133149,139.6031951,オオクボヒガシショウガッコウ,あり
指定避難所,災害の危険性があり避難した住民が、一定期間滞在し、生活することができる施設。,新開小学校,埼玉県さいたま市桜区新開2-18-1,35.85089827,139.6180774,シビラキショウガッコウ,あり
指定避難所,災害の危険性があり避難した住民が、一定期間滞在し、生活することができる施設。,神田小学校,埼玉県さいたま市桜区神田541-1,35.87507813,139.6072633,ジンデショウガッコウ,あり
指定避難所,災害の危険性があり避難した住民が、一定期間滞在し、生活することができる施設。,中島小学校,埼玉県さいたま市桜区中島1-28-1,35.86527733,139.6237969,ナカジマショウガッコウ,あり
指定避難所,災害の危険性があり避難した住民が、一定期間滞在し、生活することができる施設。,土合中学校,埼玉県さいたま市桜区町谷1-19-1,35.86026506,139.6229423,ツチアイチュウガッコウ,あり
指定避難所,災害の危険性があり避難した住民が、一定期間滞在し、生活することができる施設。,大久保中学校,埼玉県さいたま市桜区五関282,35.8667944,139.5977675,オオクボチュウガッコウ,あり
指定避難所,災害の危険性があり避難した住民が、一定期間滞在し、生活することができる施設。,田島中学校,埼玉県さいたま市桜区田島10-13-1,35.83840401,139.622546,タジマチュウガッコウ,あり
指定避難所,災害の危険性があり避難した住民が、一定期間滞在し、生活することができる施設。,上大久保中学校,埼玉県さいたま市桜区上大久保861-1,35.87142022,139.6163783,カミオオクボチュウガッコウ,あり
指定避難所,災害の危険性があり避難した住民が、一定期間滞在し、生活することができる施設。,県立浦和北高等学校,埼玉県さいたま市桜区五関595,35.86702939,139.5947776,ウラワキタコウトウガッコウ,あり
指定避難所,災害の危険性があり避難した住民が、一定期間滞在し、生活することができる施設。,県立浦和工業高等学校,埼玉県さいたま市桜区西堀5-1-1,35.853768,139.626939,ウラワコウギョウコウトウガッコウ,あり
指定避難所,災害の危険性があり避難した住民が、一定期間滞在し、生活することができる施設。,埼玉大学総合体育館,埼玉県さいたま市桜区下大久保255,35.86164786,139.6063725,サイタマダイガクソウゴウタイイクカン,
指定避難所,災害の危険性があり避難した住民が、一定期間滞在し、生活することができる施設。,土合公民館,埼玉県さいたま市桜区西堀4-2-35,35.851791,139.6277841,ツイアイコウミンカン,
指定避難所,災害の危険性があり避難した住民が、一定期間滞在し、生活することができる施設。,大久保公民館,埼玉県さいたま市桜区五関839-2,35.870238,139.5978279,オオクボコウミンカン,
指定避難所,災害の危険性があり避難した住民が、一定期間滞在し、生活することができる施設。,栄和公民館,埼玉県さいたま市桜区道場2-11-27,35.8587399,139.6132907,サカワコウミンカン,
指定避難所,災害の危険性があり避難した住民が、一定期間滞在し、生活することができる施設。,田島公民館,埼玉県さいたま市桜区田島3-27-6,35.8454529,139.6328033,タジマコウミンカン,
指定避難所,災害の危険性があり避難した住民が、一定期間滞在し、生活することができる施設。,大久保東公民館,埼玉県さいたま市桜区大久保領家131-6,35.8695606,139.6082437,オオクボヒガシコウミンカン,
指定避難所,災害の危険性があり避難した住民が、一定期間滞在し、生活することができる施設。,高砂小学校,埼玉県さいたま市浦和区岸町4-1-29,35.85653001,139.6566507,タカサゴショウガッコウ,あり
指定避難所,災害の危険性があり避難した住民が、一定期間滞在し、生活することができる施設。,常盤小学校,埼玉県さいたま市浦和区常盤9-30-9,35.86877797,139.6429544,トキワショウガッコウ,あり
指定避難所,災害の危険性があり避難した住民が、一定期間滞在し、生活することができる施設。,木崎小学校,埼玉県さいたま市浦和区領家4-19-4,35.88277511,139.6529055,キザキショウガッコウ,あり
指定避難所,災害の危険性があり避難した住民が、一定期間滞在し、生活することができる施設。,仲本小学校,埼玉県さいたま市浦和区本太2-12-31,35.86189026,139.6606412,ナカモトショウガッコウ,あり
指定避難所,災害の危険性があり避難した住民が、一定期間滞在し、生活することができる施設。,本太小学校,埼玉県さいたま市浦和区本太2-26-25,35.8654139,139.657363,モトブトショウガッコウ,あり
指定避難所,災害の危険性があり避難した住民が、一定期間滞在し、生活することができる施設。,北浦和小学校,埼玉県さいたま市浦和区北浦和2-18-3,35.87734452,139.6481922,キタウラワショウガッコウ,あり
指定避難所,災害の危険性があり避難した住民が、一定期間滞在し、生活することができる施設。,仲町小学校,埼玉県さいたま市浦和区常盤8-18-4,35.86431854,139.6404187,ナカチョウショウガッコウ,あり
指定避難所,災害の危険性があり避難した住民が、一定期間滞在し、生活することができる施設。,上木崎小学校,埼玉県さいたま市浦和区上木崎3-4-3,35.88768648,139.6428738,カミキザキショウガッコウ,あり
指定避難所,災害の危険性があり避難した住民が、一定期間滞在し、生活することができる施設。,岸町小学校,埼玉県さいたま市浦和区岸町5-20-4,35.851019,139.650243,キシチョウショウガッコウ,あり
指定避難所,災害の危険性があり避難した住民が、一定期間滞在し、生活することができる施設。,針ヶ谷小学校,埼玉県さいたま市浦和区領家7-2-1,35.88186306,139.6488455,ハリガヤショウガッコウ,あり
指定避難所,災害の危険性があり避難した住民が、一定期間滞在し、生活することができる施設。,大東小学校,埼玉県さいたま市浦和区大東3-14-1,35.88318109,139.6644045,ダイトウショウガッコウ,あり
指定避難所,災害の危険性があり避難した住民が、一定期間滞在し、生活することができる施設。,常盤北小学校,埼玉県さいたま市浦和区針ヶ谷4-2-12,35.87879257,139.6390361,トキワキタショウガッコウ,あり
指定避難所,災害の危険性があり避難した住民が、一定期間滞在し、生活することができる施設。,常盤中学校,埼玉県さいたま市浦和区針ヶ谷4-1-9,35.878154,139.639298,トキワチュウガッコウ,あり
指定避難所,災害の危険性があり避難した住民が、一定期間滞在し、生活することができる施設。,木崎中学校,埼玉県さいたま市浦和区瀬ヶ崎2-17-1,35.879071,139.661463,キザキチュウガッコウ,あり
指定避難所,災害の危険性があり避難した住民が、一定期間滞在し、生活することができる施設。,本太中学校,埼玉県さいたま市浦和区領家1-4-15,35.87321135,139.6585612,モトブトチュウガッコウ,あり
指定避難所,災害の危険性があり避難した住民が、一定期間滞在し、生活することができる施設。,大原中学校,埼玉県さいたま市浦和区大原3-1-11,35.89284993,139.6485809,オオハラチュウガッコウ,あり
指定避難所,災害の危険性があり避難した住民が、一定期間滞在し、生活することができる施設。,市立浦和高等学校,埼玉県さいたま市浦和区元町1-28-17,35.87139187,139.6568465,シリツウラワコウトウガッコウ,あり
指定避難所,災害の危険性があり避難した住民が、一定期間滞在し、生活することができる施設。,県立浦和高等学校,埼玉県さいたま市浦和区領家5-3-3,35.87787242,139.6517228,ケンリツウラワコウトウガッコウ,あり
指定避難所,災害の危険性があり避難した住民が、一定期間滞在し、生活することができる施設。,県立浦和西高等学校,埼玉県さいたま市浦和区木崎3-1-1,35.8898078,139.6538,ケンリツウラワニシコウトウガッコウ,あり
指定避難所,災害の危険性があり避難した住民が、一定期間滞在し、生活することができる施設。,県立浦和第一女子高等学校,埼玉県さいたま市浦和区岸町3-8-45,35.85275354,139.6581881,ケンリツウラワダイイチジョシコウトウガッコウ,あり
指定避難所,災害の危険性があり避難した住民が、一定期間滞在し、生活することができる施設。,埼玉大学教育学部附属小学校,埼玉県さいたま市浦和区常盤6-9-44,35.86222808,139.6431807,サイタマダイガクキョウイクガクブフゾクショウガッコウ,あり
指定避難所,災害の危険性があり避難した住民が、一定期間滞在し、生活することができる施設。,浦和駒場体育館,埼玉県さいたま市浦和区駒場2-5-6,35.8724477,139.6622387,ウラワコマバタイイクカン,
指定避難所,災害の危険性があり避難した住民が、一定期間滞在し、生活することができる施設。,領家公民館,埼玉県さいたま市浦和区領家4-21-21,35.8820184,139.6537771,リョウケコウミンカン,
指定避難所,災害の危険性があり避難した住民が、一定期間滞在し、生活することができる施設。,浦和南公民館,埼玉県さいたま市浦和区神明1-28-13,35.8501139,139.6610089,ウラワミナミコウミンカン,
指定避難所,災害の危険性があり避難した住民が、一定期間滞在し、生活することができる施設。,上木崎公民館,埼玉県さいたま市浦和区上木崎3-2-14,35.8872565,139.6456729,カミキザキコウミンカン,
指定避難所,災害の危険性があり避難した住民が、一定期間滞在し、生活することができる施設。,大東公民館,埼玉県さいたま市浦和区大東2-13-16,35.8833851,139.6626189,ダイトウトウコウミンカン,
指定避難所,災害の危険性があり避難した住民が、一定期間滞在し、生活することができる施設。,仲本公民館,埼玉県さいたま市浦和区本太2-12-40,35.860599,139.6620446,ナカモトコウミンカン,
指定避難所,災害の危険性があり避難した住民が、一定期間滞在し、生活することができる施設。,針ヶ谷公民館,埼玉県さいたま市浦和区針ヶ谷3-4-14,35.8827237,139.6419734,ハリガヤコウミンカン,
指定避難所,災害の危険性があり避難した住民が、一定期間滞在し、生活することができる施設。,本太公民館,埼玉県さいたま市浦和区本太4-3-23,35.8667345,139.6579726,モトブトコウミンカン,
指定避難所,災害の危険性があり避難した住民が、一定期間滞在し、生活することができる施設。,仲町公民館,埼玉県さいたま市浦和区常盤4-1-12,35.8613599,139.6498568,ナカチョウコウミンカン,
指定避難所,災害の危険性があり避難した住民が、一定期間滞在し、生活することができる施設。,常盤公民館,埼玉県さいたま市浦和区常盤9-30-1,35.8711746,139.6431436,トキワコウミンカン,
指定避難所,災害の危険性があり避難した住民が、一定期間滞在し、生活することができる施設。,岸町公民館,埼玉県さいたま市浦和区岸町5-1-3,35.8521608,139.6545039,キシチョウコウミンカン,
指定避難所,災害の危険性があり避難した住民が、一定期間滞在し、生活することができる施設。,北浦和公民館,埼玉県さいたま市浦和区北浦和2-19-25,35.8776134,139.647737,キタウラワコウミンカン,
指定避難所,災害の危険性があり避難した住民が、一定期間滞在し、生活することができる施設。,南箇公民館,埼玉県さいたま市浦和区領家3-15-10,35.8769415,139.657989,ナンガコウミンカン,
指定避難所,災害の危険性があり避難した住民が、一定期間滞在し、生活することができる施設。,谷田小学校,埼玉県さいたま市南区太田窪5-10-6,35.85629662,139.6778072,ヤダショウガッコウ,あり
指定避難所,災害の危険性があり避難した住民が、一定期間滞在し、生活することができる施設。,南浦和小学校,埼玉県さいたま市南区白幡1-1-20,35.84526526,139.6578635,ミナミウラワショウガッコウ,あり
指定避難所,災害の危険性があり避難した住民が、一定期間滞在し、生活することができる施設。,浦和別所小学校,埼玉県さいたま市南区別所2-5-34,35.84952213,139.6481771,ウラワベッショショウガッコウ,あり
指定避難所,災害の危険性があり避難した住民が、一定期間滞在し、生活することができる施設。,大谷場小学校,埼玉県さいたま市南区南浦和1-18-3,35.85262788,139.6679479,オオヤバショウガッコウ,あり
指定避難所,災害の危険性があり避難した住民が、一定期間滞在し、生活することができる施設。,大谷場東小学校,埼玉県さいたま市南区大谷場2-13-54,35.85320498,139.6746665,オオヤバヒガシショウガッコウ,あり
指定避難所,災害の危険性があり避難した住民が、一定期間滞在し、生活することができる施設。,西浦和小学校,埼玉県さいたま市南区曲本1-3-5,35.83825332,139.6301593,ニシウラワショウガッコウ,あり
指定避難所,災害の危険性があり避難した住民が、一定期間滞在し、生活することができる施設。,辻小学校,埼玉県さいたま市南区辻6-3-28,35.83302752,139.6582643,ツジショウガッコウ,あり
指定避難所,災害の危険性があり避難した住民が、一定期間滞在し、生活することができる施設。,文蔵小学校,埼玉県さいたま市南区文蔵5-16-29,35.83518902,139.6738828,ブゾウショウガッコウ,あり
指定避難所,災害の危険性があり避難した住民が、一定期間滞在し、生活することができる施設。,沼影小学校,埼玉県さいたま市南区沼影2-8-36,35.83899255,139.6458661,ヌマカゲショウガッコウ,あり
指定避難所,災害の危険性があり避難した住民が、一定期間滞在し、生活することができる施設。,大谷口小学校,埼玉県さいたま市南区広ケ谷戸24,35.86246157,139.6831881,オオヤグチショウガッコウ,あり
指定避難所,災害の危険性があり避難した住民が、一定期間滞在し、生活することができる施設。,浦和大里小学校,埼玉県さいたま市南区別所7-14-28,35.84472715,139.6435392,ウラワオオサトショウガッコウ,あり
指定避難所,災害の危険性があり避難した住民が、一定期間滞在し、生活することができる施設。,善前小学校,埼玉県さいたま市南区太田窪2500-1,35.85322775,139.6857782,ゼンマエショウガッコウ,あり
指定避難所,災害の危険性があり避難した住民が、一定期間滞在し、生活することができる施設。,向小学校,埼玉県さいたま市南区大谷口5437,35.85717693,139.6959235,ムカイショウガッコウ,あり
指定避難所,災害の危険性があり避難した住民が、一定期間滞在し、生活することができる施設。,辻南小学校,埼玉県さいたま市南区辻8-7-32,35.83148893,139.6651538,ツジミナミショウガッコウ,あり
指定避難所,災害の危険性があり避難した住民が、一定期間滞在し、生活することができる施設。,岸中学校,埼玉県さいたま市南区南本町2-25-27,35.85004199,139.6646959,キシチュウガッコウ,あり
指定避難所,災害の危険性があり避難した住民が、一定期間滞在し、生活することができる施設。,南浦和中学校,埼玉県さいたま市南区辻6-1-33,35.83484142,139.657081,ミナミウラワチュウガッコウ,あり
指定避難所,災害の危険性があり避難した住民が、一定期間滞在し、生活することができる施設。,白幡中学校,埼玉県さいたま市南区白幡2-18-13,35.8486859,139.6526959,シラハタチュウガッコウ,あり
指定避難所,災害の危険性があり避難した住民が、一定期間滞在し、生活することができる施設。,大谷場中学校,埼玉県さいたま市南区大谷場2-13-54,35.85339195,139.6742802,オオヤバチュウガッコウ,あり
指定避難所,災害の危険性があり避難した住民が、一定期間滞在し、生活することができる施設。,大谷口中学校,埼玉県さいたま市南区広ケ谷戸21,35.86282877,139.6831625,オオヤグチチュウガッコウ,あり
指定避難所,災害の危険性があり避難した住民が、一定期間滞在し、生活することができる施設。,内谷中学校,埼玉県さいたま市南区内谷6-10-1,35.83518024,139.6477737,ウチヤチュウガッコウ,あり
指定避難所,災害の危険性があり避難した住民が、一定期間滞在し、生活することができる施設。,市立浦和南高等学校,埼玉県さいたま市南区辻6-5-31,35.83260196,139.6573989,シリツウラワミナミコウトウガッコウ,あり
指定避難所,災害の危険性があり避難した住民が、一定期間滞在し、生活することができる施設。,埼玉大学教育学部附属中学校,埼玉県さいたま市南区別所4-2-5,35.8556583,139.6431789,サイタマダイガクキョウイクガクブフゾクチュウガッコウ,あり
指定避難所,災害の危険性があり避難した住民が、一定期間滞在し、生活することができる施設。,文化センター,埼玉県さいたま市南区根岸1-7-1,35.8434785,139.6635256,ブンカセンター,
指定避難所,災害の危険性があり避難した住民が、一定期間滞在し、生活することができる施設。,南浦和公民館,埼玉県さいたま市南区大谷場2-6-25,35.8545386,139.67218,ミナミウラワコウミンカン,
指定避難所,災害の危険性があり避難した住民が、一定期間滞在し、生活することができる施設。,谷田公民館,埼玉県さいたま市南区大谷口1089-1,35.8615157,139.6770044,ヤダコウミンカン,
指定避難所,災害の危険性があり避難した住民が、一定期間滞在し、生活することができる施設。,六辻公民館,埼玉県さいたま市南区根岸3-10-7,35.8397649,139.662348,ムツジコウミンカン,
指定避難所,災害の危険性があり避難した住民が、一定期間滞在し、生活することができる施設。,西浦和公民館,埼玉県さいたま市南区曲本2-7-11,35.837782,139.638856,ニシウラワコウミンカン,
指定避難所,災害の危険性があり避難した住民が、一定期間滞在し、生活することができる施設。,別所公民館,埼玉県さいたま市南区別所5-21-13,35.8494942,139.6436022,ベッショコウミンカン,
指定避難所,災害の危険性があり避難した住民が、一定期間滞在し、生活することができる施設。,東浦和公民館,埼玉県さいたま市南区大谷口5339,35.8612519,139.695075,ヒガシウラワコウミンカン,
指定避難所,災害の危険性があり避難した住民が、一定期間滞在し、生活することができる施設。,文蔵公民館,埼玉県さいたま市南区文蔵4-19-3,35.8379653,139.6695974,ブゾウコウミンカン,
指定避難所,災害の危険性があり避難した住民が、一定期間滞在し、生活することができる施設。,善前公民館,埼玉県さいたま市南区太田窪2504-5,35.853819,139.6870124,ゼンマエコウミンカン,
指定避難所,災害の危険性があり避難した住民が、一定期間滞在し、生活することができる施設。,三室小学校,埼玉県さいたま市緑区三室1994,35.88400412,139.6817485,ミムロショウガッコウ,あり
指定避難所,災害の危険性があり避難した住民が、一定期間滞在し、生活することができる施設。,尾間木小学校,埼玉県さいたま市緑区東浦和8-11-5,35.86912942,139.696889,オマギショウガッコウ,あり
指定避難所,災害の危険性があり避難した住民が、一定期間滞在し、生活することができる施設。,原山小学校,埼玉県さいたま市緑区原山1-30-12,35.86625555,139.6704362,ハラヤマショウガッコウ,あり
指定避難所,災害の危険性があり避難した住民が、一定期間滞在し、生活することができる施設。,大門小学校,埼玉県さいたま市緑区大門1189,35.88069441,139.7335706,ダイモンショウガッコウ,あり
指定避難所,災害の危険性があり避難した住民が、一定期間滞在し、生活することができる施設。,野田小学校,埼玉県さいたま市緑区上野田16,35.90018028,139.7039063,ノダショウガッコウ,あり
指定避難所,災害の危険性があり避難した住民が、一定期間滞在し、生活することができる施設。,道祖土小学校,埼玉県さいたま市緑区道祖土1-1-1,35.87464848,139.6686519,サイドショウガッコウ,あり
指定避難所,災害の危険性があり避難した住民が、一定期間滞在し、生活することができる施設。,中尾小学校,埼玉県さいたま市緑区中尾2596,35.86812698,139.6824773,ナカオショウガッコウ,あり
指定避難所,災害の危険性があり避難した住民が、一定期間滞在し、生活することができる施設。,大牧小学校,埼玉県さいたま市緑区東浦和6-12-3,35.87254416,139.7067728,オオマキショウガッコウ,あり
指定避難所,災害の危険性があり避難した住民が、一定期間滞在し、生活することができる施設。,芝原小学校,埼玉県さいたま市緑区芝原2-5,35.88186714,139.691495,シバハラショウガッコウ,あり
指定避難所,災害の危険性があり避難した住民が、一定期間滞在し、生活することができる施設。,美園小学校,埼玉県さいたま市緑区美園5-33,35.89062766,139.7349791,ミソノショウガッコウ,あり
指定避難所,災害の危険性があり避難した住民が、一定期間滞在し、生活することができる施設。,美園北小学校,埼玉県さいたま市緑区美園2-12-11,35.901191,139.723027,ミソノキタショウガッコウ,あり
指定避難所,災害の危険性があり避難した住民が、一定期間滞在し、生活することができる施設。,原山中学校,埼玉県さいたま市緑区太田窪1-10-22,35.86629095,139.6668412,ハラヤマチュウガッコウ,あり
指定避難所,災害の危険性があり避難した住民が、一定期間滞在し、生活することができる施設。,東浦和中学校,埼玉県さいたま市緑区中尾1207-1,35.87447283,139.6840767,ヒガシウラワチュウガッコウ,あり
指定避難所,災害の危険性があり避難した住民が、一定期間滞在し、生活することができる施設。,美園中学校,埼玉県さいたま市緑区大崎2550-3,35.89211964,139.7124791,ミソノチュウガッコウ,あり
指定避難所,災害の危険性があり避難した住民が、一定期間滞在し、生活することができる施設。,三室中学校,埼玉県さいたま市緑区馬場1-38-2,35.88682542,139.6842476,ミムロチュウガッコウ,あり
指定避難所,災害の危険性があり避難した住民が、一定期間滞在し、生活することができる施設。,尾間木中学校,埼玉県さいたま市緑区東浦和4-29-1,35.86908342,139.6980681,オマギチュウガッコウ,あり
指定避難所,災害の危険性があり避難した住民が、一定期間滞在し、生活することができる施設。,美園南中学校,埼玉県さいたま市緑区美園6-15,35.8858923,139.736769,ミソノミナミチュウガッコウ,あり
指定避難所,災害の危険性があり避難した住民が、一定期間滞在し、生活することができる施設。,県立浦和東高等学校,埼玉県さいたま市緑区寺山365,35.90886791,139.7067369,ケンリツウラワヒガシコウトウガッコウ,あり
指定避難所,災害の危険性があり避難した住民が、一定期間滞在し、生活することができる施設。,プラザイースト,埼玉県さいたま市緑区中尾1440-8,35.8717506,139.6857172,プラザイースト,
指定避難所,災害の危険性があり避難した住民が、一定期間滞在し、生活することができる施設。,さくら草特別支援学校,埼玉県さいたま市緑区三室636-80,35.8911064,139.6748453,サクラソウトクベツシエンガッコウ,
指定避難所,災害の危険性があり避難した住民が、一定期間滞在し、生活することができる施設。,県立浦和特別支援学校,埼玉県さいたま市緑区大崎58,35.88189922,139.7157227,ケンリツウラワトクベツシエンガッコウ,あり
指定避難所,災害の危険性があり避難した住民が、一定期間滞在し、生活することができる施設。,三室公民館,埼玉県さいたま市緑区三室1946-5,35.8831436,139.6815755,ミムロコウミンカン,
指定避難所,災害の危険性があり避難した住民が、一定期間滞在し、生活することができる施設。,尾間木公民館,埼玉県さいたま市緑区大間木472,35.87390028,139.694047,オマギコウミンカン,
指定避難所,災害の危険性があり避難した住民が、一定期間滞在し、生活することができる施設。,原山公民館,埼玉県さいたま市緑区原山2-33-1,35.8714479,139.6685521,ハラヤマコウミンカン,
指定避難所,災害の危険性があり避難した住民が、一定期間滞在し、生活することができる施設。,美園公民館,埼玉県さいたま市緑区大門1973-1,35.8895824,139.7178632,ミソノコウミンカン,
指定避難所,災害の危険性があり避難した住民が、一定期間滞在し、生活することができる施設。,大古里公民館,埼玉県さいたま市緑区三室2614-2,35.887293,139.6729567,オブサトコウミンカン,
指定避難所,災害の危険性があり避難した住民が、一定期間滞在し、生活することができる施設。,岩槻小学校,埼玉県さいたま市岩槻区本町5-6-45,35.95331729,139.6986444,イワツキショウガッコウ,あり
指定避難所,災害の危険性があり避難した住民が、一定期間滞在し、生活することができる施設。,太田小学校,埼玉県さいたま市岩槻区仲町1-17-3,35.9479966,139.7038766,オオタショウガッコウ,あり
指定避難所,災害の危険性があり避難した住民が、一定期間滞在し、生活することができる施設。,川通小学校,埼玉県さいたま市岩槻区大野島422-1,35.94191644,139.7310891,カワドオリショウガッコウ,あり
指定避難所,災害の危険性があり避難した住民が、一定期間滞在し、生活することができる施設。,柏崎小学校,埼玉県さいたま市岩槻区柏崎762,35.9334352,139.7015702,カシワザキショウガッコウ,あり
指定避難所,災害の危険性があり避難した住民が、一定期間滞在し、生活することができる施設。,和土小学校,埼玉県さいたま市岩槻区黒谷1353,35.92621955,139.7205316,ワドショウガッコウ,あり
指定避難所,災害の危険性があり避難した住民が、一定期間滞在し、生活することができる施設。,新和小学校,埼玉県さいたま市岩槻区尾ヶ崎1252,35.91089962,139.7324861,ニイワショウガッコウ,あり
指定避難所,災害の危険性があり避難した住民が、一定期間滞在し、生活することができる施設。,慈恩寺小学校,埼玉県さいたま市岩槻区慈恩寺259,35.98135585,139.7082973,ジオンジショウガッコウ,あり
指定避難所,災害の危険性があり避難した住民が、一定期間滞在し、生活することができる施設。,河合小学校,埼玉県さいたま市岩槻区平林寺351,35.96740176,139.6717003,カワイショウガッコウ,あり
指定避難所,災害の危険性があり避難した住民が、一定期間滞在し、生活することができる施設。,東岩槻小学校,埼玉県さいたま市岩槻区諏訪2-6,35.97024383,139.7091566,ヒガシイワツキショウガッコウ,あり
指定避難所,災害の危険性があり避難した住民が、一定期間滞在し、生活することができる施設。,城北小学校,埼玉県さいたま市岩槻区岩槻6619,35.96207629,139.6937085,ジョウホクショウガッコウ,あり
指定避難所,災害の危険性があり避難した住民が、一定期間滞在し、生活することができる施設。,徳力小学校,埼玉県さいたま市岩槻区徳力136-4,35.97410894,139.716556,トクリキショウガッコウ,あり
指定避難所,災害の危険性があり避難した住民が、一定期間滞在し、生活することができる施設。,上里小学校,埼玉県さいたま市岩槻区上里2-2,35.96533014,139.7042033,カミザトショウガッコウ,あり
指定避難所,災害の危険性があり避難した住民が、一定期間滞在し、生活することができる施設。,西原小学校,埼玉県さいたま市岩槻区西原6-25,35.95277298,139.6835317,ニシハラショウガッコウ,あり
指定避難所,災害の危険性があり避難した住民が、一定期間滞在し、生活することができる施設。,城南小学校,埼玉県さいたま市岩槻区南下新井1191-1,35.93591304,139.7124382,ジョウナンショウガッコウ,あり
指定避難所,災害の危険性があり避難した住民が、一定期間滞在し、生活することができる施設。,岩槻中学校,埼玉県さいたま市岩槻区仲町1-14-35,35.94904704,139.7037544,イワツキチュウガッコウ,あり
指定避難所,災害の危険性があり避難した住民が、一定期間滞在し、生活することができる施設。,川通中学校,埼玉県さいたま市岩槻区長宮435,35.94778779,139.7313371,カワドオリチュウガッコウ,あり
指定避難所,災害の危険性があり避難した住民が、一定期間滞在し、生活することができる施設。,城南中学校,埼玉県さいたま市岩槻区笹久保577,35.91495375,139.7270981,ジョウナンチュウガッコウ,あり
指定避難所,災害の危険性があり避難した住民が、一定期間滞在し、生活することができる施設。,慈恩寺中学校,埼玉県さいたま市岩槻区裏慈恩寺505,35.98522901,139.7048096,ジオンジチュウガッコウ,あり
指定避難所,災害の危険性があり避難した住民が、一定期間滞在し、生活することができる施設。,城北中学校,埼玉県さいたま市岩槻区本宿392-1,35.964755,139.689263,ジョウホクチュウガッコウ,あり
指定避難所,災害の危険性があり避難した住民が、一定期間滞在し、生活することができる施設。,桜山中学校,埼玉県さいたま市岩槻区表慈恩寺684-1,35.97251358,139.7112006,サクラヤマチュウガッコウ,あり
指定避難所,災害の危険性があり避難した住民が、一定期間滞在し、生活することができる施設。,柏陽中学校,埼玉県さいたま市岩槻区真福寺454,35.9358986,139.7029743,ハクヨウチュウガッコウ,あり
指定避難所,災害の危険性があり避難した住民が、一定期間滞在し、生活することができる施設。,西原中学校,埼玉県さいたま市岩槻区岩槻3750,35.95516469,139.6814821,ニシハラチュウガッコウ,あり
指定避難所,災害の危険性があり避難した住民が、一定期間滞在し、生活することができる施設。,岩槻商業高等学校,埼玉県さいたま市岩槻区太田1-4-1,35.95062774,139.7055918,イワツキショウギョウコウトウガッコウ,あり
指定避難所,災害の危険性があり避難した住民が、一定期間滞在し、生活することができる施設。,岩槻高等学校,埼玉県さいたま市岩槻区城南1-3-38,35.94176389,139.7039359,イワツキコウトウガッコウ,あり
指定避難所,災害の危険性があり避難した住民が、一定期間滞在し、生活することができる施設。,岩槻北陵高等学校,埼玉県さいたま市岩槻区慈恩寺117-2,35.97767104,139.7136874,イワツキホクリョウコウトウガッコウ,あり
指定避難所,災害の危険性があり避難した住民が、一定期間滞在し、生活することができる施設。,コミュニティセンターいわつき,埼玉県さいたま市岩槻区本町1-10-7,35.9470222,139.6916834,コミュニティセンターイワツキ,
指定避難所,災害の危険性があり避難した住民が、一定期間滞在し、生活することができる施設。,老人福祉センター槻寿苑,埼玉県さいたま市岩槻区笹久保1393,35.918468,139.7129737,ロウジンフクシセンターツキジュエン,
指定避難所,災害の危険性があり避難した住民が、一定期間滞在し、生活することができる施設。,市民会館いわつき,埼玉県さいたま市岩槻区太田3-1-1,35.9507304,139.7089925,シミンカイカンイワツキ,
指定避難所,災害の危険性があり避難した住民が、一定期間滞在し、生活することができる施設。,岩槻文化公園体育館,埼玉県さいたま市岩槻区村国229,35.9445538,139.7217718,イワツキブンカコウエンタイイクカン,
指定避難所,災害の危険性があり避難した住民が、一定期間滞在し、生活することができる施設。,ふれあいプラザいわつき,埼玉県さいたま市岩槻区東岩槻6-6,35.96204,139.716358,フレアイプラザイワツキ,
指定避難所,災害の危険性があり避難した住民が、一定期間滞在し、生活することができる施設。,岩槻本丸公民館,埼玉県さいたま市岩槻区本丸3-17-1,35.9541188,139.7052622,イワツキホンマルコウミンカン,
指定避難所,災害の危険性があり避難した住民が、一定期間滞在し、生活することができる施設。,岩槻南部公民館,埼玉県さいたま市岩槻区笹久保1348-1,35.9164211,139.7157123,イワツキナンブコウミンカン,
指定避難所,災害の危険性があり避難した住民が、一定期間滞在し、生活することができる施設。,岩槻北部公民館,埼玉県さいたま市岩槻区慈恩寺904-1,35.9801095,139.7142573,イワツキホクブコウミンカン,
指定避難所,災害の危険性があり避難した住民が、一定期間滞在し、生活することができる施設。,岩槻本町公民館,埼玉県さいたま市岩槻区本町4-2-25,35.949161,139.6976132,イワツキホンマチコウミンカン,
指定避難所,災害の危険性があり避難した住民が、一定期間滞在し、生活することができる施設。,岩槻城址公民館,埼玉県さいたま市岩槻区太田3-4-1,35.9517359,139.7107978,イワツキジョウシコウミンカン,
